topic,top_words
T00,"harry, excited, potter, great, fun, real, hype, yes, based, wish, hope, combat"
T01,"play, don't, god, fucking, good, wait, watch, damn, thank, online, free, destiny"
T02,"character, waiting, hope, person, i've, xbox, seen, believe, epic, fps, thanks, sekiro"
T03,"gameplay, year, man, awesome, actually, money, dead, guys, left, good, happy, sure"
T04,"souls, dark, amazing, right, lord, bloodborne, day, dishonored, prey, adding, watched, que"
T05,"love, need, new, release, chinese, monkey, voice, west, pre, journey, future, date"
T06,"better, superman, shit, thought, shooter, generic, holy, hero, omg, guardians, galaxy, boring"
T07,"bad, hyped, day, graphics, nice, buy, mind, fuck, let, literally, baldur's, gameplay"
T08,"world, movie, harley, open, ready, life, batman, deadshot, woke, better, dragon, shut"
T09,"come, arkham, imagine, big, does, true, city, batman, studios, didn't, hope, doesn't"
T10,"best, sony, player, overwatch, single, coming, getting, live, gen, gaming, vibes, version"
T11,"wait, cool, looking, finally, did, boomerang, king, shark, music, years, watching, long"
